{"cameraMode":{"drawMode":0,"name":"Shaded","section":"Shading Mode"},"sceneLighting":true,"audioPlay":false,"sceneViewState":{"showFog":true,"showMaterialUpdate":false,"showSkybox":false,"showFlares":true,"showImageEffects":true,"showParticleSystems":true},"in2DMode":false,"pivot":{"x":-0.039999961853027347,"y":4.849999904632568,"z":0.0},"rotation":{"x":0.08535367995500565,"y":0.1871676743030548,"z":-0.01629527099430561,"w":0.9785256385803223},"size":10.338772773742676,"orthographic":false}