{"cameraMode":{"drawMode":0,"name":"Shaded","section":"Shading Mode"},"sceneLighting":false,"audioPlay":false,"sceneViewState":{"showFog":true,"showMaterialUpdate":false,"showSkybox":false,"showFlares":true,"showImageEffects":true,"showParticleSystems":true},"in2DMode":false,"pivot":{"x":7.2173261642456059,"y":4.360479831695557,"z":-0.32801103591918948},"rotation":{"x":0.15938764810562135,"y":-0.6632565259933472,"z":0.14765194058418275,"w":0.7162489295005798},"size":2.8578836917877199,"orthographic":false}