{"cameraMode":{"drawMode":0,"name":"Shaded","section":"Shading Mode"},"sceneLighting":false,"audioPlay":false,"sceneViewState":{"showFog":true,"showMaterialUpdate":false,"showSkybox":false,"showFlares":true,"showImageEffects":true,"showParticleSystems":true},"in2DMode":false,"pivot":{"x":15.430131912231446,"y":13.254812240600586,"z":0.7614002227783203},"rotation":{"x":0.15994800627231599,"y":-0.5786850452423096,"z":0.11703189462423325,"w":0.7911761999130249},"size":2.8578836917877199,"orthographic":false}