{"cameraMode":{"drawMode":0,"name":"Shaded","section":"Shading Mode"},"sceneLighting":false,"audioPlay":false,"sceneViewState":{"showFog":true,"showMaterialUpdate":false,"showSkybox":true,"showFlares":true,"showImageEffects":true,"showParticleSystems":true},"in2DMode":false,"pivot":{"x":3.3299999237060549,"y":-0.2200000137090683,"z":4.320000171661377},"rotation":{"x":-0.3595699369907379,"y":-0.003641444491222501,"z":0.0014033158076927066,"w":-0.9331098794937134},"size":2.8578836917877199,"orthographic":false}