{"cameraMode":{"drawMode":0,"name":"Shaded","section":"Shading Mode"},"sceneLighting":false,"audioPlay":false,"sceneViewState":{"showFog":true,"showMaterialUpdate":false,"showSkybox":true,"showFlares":true,"showImageEffects":true,"showParticleSystems":true},"in2DMode":false,"pivot":{"x":1.929999828338623,"y":-0.7999999523162842,"z":-6.889999866485596},"rotation":{"x":-0.2799810767173767,"y":0.01497295405715704,"z":-0.004367270041257143,"w":-0.9598789215087891},"size":2.8578836917877199,"orthographic":false}